{"stats":{"minecraft:killed":{"minecraft:squid":1,"betteranimalsplus:goose":3},"minecraft:used":{"impaled:elder_trident":5,"impaled:soulfork":2,"minecraft:firework_rocket":41,"impaled:pitchfork":1,"impaled:hellfork":1,"minecraft:written_book":1,"minecraft:flint_and_steel":1,"toolleveling:tool_leveling_table":1,"impaled:atlan":2,"minecraft:obsidian":14},"minecraft:custom":{"minecraft:time_since_rest":8022,"minecraft:crouch_one_cm":854,"minecraft:sprint_one_cm":959,"minecraft:play_time":8022,"minecraft:walk_one_cm":2860,"minecraft:sneak_time":206,"minecraft:walk_under_water_one_cm":13502,"minecraft:mob_kills":4,"minecraft:aviate_one_cm":247047,"minecraft:jump":14,"minecraft:leave_game":3,"minecraft:walk_on_water_one_cm":3031,"minecraft:time_since_death":8022,"minecraft:total_world_time":9596,"minecraft:fly_one_cm":14068}},"DataVersion":2975}